{"cameraMode":{"drawMode":0,"name":"Shaded","section":"Shading Mode"},"sceneLighting":true,"audioPlay":false,"sceneViewState":{"showFog":true,"showMaterialUpdate":false,"showSkybox":true,"showFlares":true,"showImageEffects":true,"showParticleSystems":true},"in2DMode":false,"pivot":{"x":-1.541015625,"y":-0.67828369140625,"z":0.76171875},"rotation":{"x":0.13584589958190919,"y":0.34577322006225588,"z":-0.05066820606589317,"w":0.927051305770874},"size":6.1411824226379398,"orthographic":true}