{"cameraMode":{"drawMode":0,"name":"Shaded","section":"Shading Mode"},"sceneLighting":true,"audioPlay":false,"sceneViewState":{"showFog":true,"showMaterialUpdate":false,"showSkybox":true,"showFlares":true,"showImageEffects":true,"showParticleSystems":true},"in2DMode":false,"pivot":{"x":-1.541015625,"y":-0.67828369140625,"z":0.76171875},"rotation":{"x":-0.010490606538951397,"y":0.041985005140304568,"z":0.00044140222598798573,"w":0.9990646243095398},"size":6.1411824226379398,"orthographic":true}